{"hidden_units": 48, "input_rec": 20, "seq_length_LSTM": 17, "size_task_embedding": 7, "num_units_hnet": 36, "num_layers_hnet": 4, "chunk_size": 1568, "lr": 0.00025402496064133074, "lr_gamma": 1.3628694882803145, "huber_delta": 6, "alpha_reg": 0.0004179413120641662, "l1_ratio_reg": 0.4027059329515742, "batch_size": 21}