{"hidden_units": 26, "input_rec": 46, "seq_length_LSTM": 16, "num_units_hnet": 10, "chunk_size": 2653, "lr": 0.006382854409539065, "alpha_reg": 0.0002330025638797213, "l1_ratio_reg": 0.26768714750459, "batch_size": 22}